{"cameraMode":{"drawMode":0,"name":"Shaded","section":"Shading Mode"},"sceneLighting":false,"audioPlay":false,"sceneViewState":{"showFog":true,"showMaterialUpdate":false,"showSkybox":true,"showFlares":true,"showImageEffects":true,"showParticleSystems":true},"in2DMode":false,"pivot":{"x":-3.4519095420837404,"y":1.5908203125,"z":5.458009719848633},"rotation":{"x":0.23716670274734498,"y":0.7206194996833801,"z":-0.2939576208591461,"w":0.5814193487167358},"size":21.43412971496582,"orthographic":true}