{"cameraMode":{"drawMode":0,"name":"Shaded","section":"Shading Mode"},"sceneLighting":true,"audioPlay":false,"sceneViewState":{"showFog":true,"showMaterialUpdate":false,"showSkybox":true,"showFlares":true,"showImageEffects":true,"showParticleSystems":true},"in2DMode":false,"pivot":{"x":-15.338598251342774,"y":1.7325596809387208,"z":-7.0880961418151859},"rotation":{"x":0.15130387246608735,"y":-0.6279078125953674,"z":0.1261785924434662,"w":0.7529395818710327},"size":1.796915054321289,"orthographic":false}