{"cameraMode":{"drawMode":0,"name":"Shaded","section":"Shading Mode"},"sceneLighting":false,"audioPlay":false,"sceneViewState":{"showFog":true,"showMaterialUpdate":false,"showSkybox":true,"showFlares":true,"showImageEffects":true,"showParticleSystems":true},"in2DMode":false,"pivot":{"x":-12.260000228881836,"y":1.380000114440918,"z":-6.210000038146973},"rotation":{"x":0.15130387246608735,"y":-0.6279078125953674,"z":0.1261785924434662,"w":0.7529395818710327},"size":4.187230587005615,"orthographic":false}