{"cameraMode":{"drawMode":0,"name":"Shaded","section":"Shading Mode"},"sceneLighting":true,"audioPlay":false,"sceneViewState":{"showFog":true,"showMaterialUpdate":false,"showSkybox":true,"showFlares":true,"showImageEffects":true,"showParticleSystems":true},"in2DMode":false,"pivot":{"x":-8.471073150634766,"y":7.621252059936523,"z":-15.071643829345704},"rotation":{"x":-0.13575945794582368,"y":-0.8494006395339966,"z":0.26443904638290408,"w":-0.4360733926296234},"size":31.509431838989259,"orthographic":true}