{"cameraMode":{"drawMode":0,"name":"Shaded","section":"Shading Mode"},"sceneLighting":false,"audioPlay":false,"sceneViewState":{"showFog":true,"showMaterialUpdate":false,"showSkybox":true,"showFlares":true,"showImageEffects":true,"showParticleSystems":true},"in2DMode":false,"pivot":{"x":-16.2011775970459,"y":1.7200000286102296,"z":-7.673623085021973},"rotation":{"x":0.15130387246608735,"y":-0.6279078125953674,"z":0.1261785924434662,"w":0.7529395818710327},"size":4.187230587005615,"orthographic":false}