{"cameraMode":{"drawMode":0,"name":"Shaded","section":"Shading Mode"},"sceneLighting":true,"audioPlay":false,"sceneViewState":{"showFog":true,"showMaterialUpdate":false,"showSkybox":true,"showFlares":true,"showImageEffects":true,"showParticleSystems":true},"in2DMode":false,"pivot":{"x":4.255985260009766,"y":1.8815393447875977,"z":-4.878891944885254},"rotation":{"x":-0.09209013730287552,"y":-0.8979837894439697,"z":0.3663026988506317,"w":-0.22575843334197999},"size":6.0216779708862309,"orthographic":false}